"Message",Low,"Построение начато."
"Message",Low,"Проект ""Unnamed_1"" (целевые объекты по умолчанию):"
"Message",Low,"Построение с инструментами версии ""4.0""."
"Message",Low,"Целевой объект ""PrintILCStartMessage"" в файле ""C:\Program Files (x86)\MSBuild\Microsoft\.NetNative\ARM\ilc\IlcInternals.targets"" из проекта ""C:\Projects\CryptoNote\CryptoNote\Unnamed_1"" (целевой объект ""Build"" зависит от него):"
"Message",Low,"Используется задача ""IlcMessageTask"" из сборки ""C:\Program Files (x86)\MSBuild\Microsoft\.NetNative\ARM\ilc\ilc.exe""."
"Message",Low,"Задача ""IlcMessageTask"""
"Message",High,"Запуск компиляции машинного кода .NET"
"Message",Low,"Выполнение задачи ""IlcMessageTask"" завершено."
"Message",Low,"Построение целевого объекта ""PrintILCStartMessage"" в проекте ""Unnamed_1"" завершено."
"Message",Low,"Целевой объект ""LogAppContextSwitches"" в файле ""C:\Program Files (x86)\MSBuild\Microsoft\.NetNative\ARM\ilc\IlcInternals.targets"" из проекта ""C:\Projects\CryptoNote\CryptoNote\Unnamed_1"" (целевой объект ""SetMainTargetPaths"" зависит от него):"
"Message",Low,"Используется задача ""Message"" из сборки ""Microsoft.Build.Tasks.v4.0, Version=4.0.0.0, Culture=neutral, PublicKeyToken=b03f5f7f11d50a3a""."
"Message",Low,"Задача ""Message"""
"Message",Normal,"AppContextSwitch: ''"
"Message",Low,"Выполнение задачи ""Message"" завершено."
"Message",Low,"Построение целевого объекта ""LogAppContextSwitches"" в проекте ""Unnamed_1"" завершено."
"Message",Low,"Целевой объект ""SetMainTargetPaths"" в файле ""C:\Program Files (x86)\MSBuild\Microsoft\.NetNative\ARM\ilc\IlcInternals.targets"" из проекта ""C:\Projects\CryptoNote\CryptoNote\Unnamed_1"" (целевой объект ""CopyNativeExecutablesToOutput"" зависит от него):"
"Message",Low,"Построение целевого объекта ""SetMainTargetPaths"" в проекте ""Unnamed_1"" завершено."
"Message",Low,"Целевой объект ""GenerateFakeExe"" пропущен из-за невыполненного условия; выражение (!Exists('@(InputILTarget)')) равно (!Exists('C:\Projects\CryptoNote\CryptoNote\obj\ARM\Release\ilc\in\CryptoNote.exe'))."
"Message",Low,"Целевой объект ""InjectCoreLibTypeForwards"" в файле ""C:\Program Files (x86)\MSBuild\Microsoft\.NetNative\ARM\ilc\IlcInternals.targets"" из проекта ""C:\Projects\CryptoNote\CryptoNote\Unnamed_1"" (целевой объект ""RunILTransforms"" зависит от него):"
"Message",Low,"Используется задача ""MakeDir"" из сборки ""Microsoft.Build.Tasks.v4.0, Version=4.0.0.0, Culture=neutral, PublicKeyToken=b03f5f7f11d50a3a""."
"Message",Low,"Задача ""MakeDir"""
"Message",Normal,"Создание каталога ""C:\Projects\CryptoNote\CryptoNote\obj\ARM\Release\ilc\intermediate\TransformedCoreLib\""."
"Message",Low,"Выполнение задачи ""MakeDir"" завершено."
"Message",Low,"Используется задача ""ILTransformTask"" из сборки ""Microsoft.Build.ILTasks""."
"Message",Low,"Задача ""ILTransformTask"""
"Message",Normal,"Выполняется преобразование ""InjectCoreLibTypeForwards"", размер кучи — 6 МБ."
"Message",Normal,"Выполняется преобразование ""InjectCoreLibIReflectableTypeSupport"", размер кучи — 36 МБ."
"Message",Normal,"Выполняется преобразование ""WriteAssemblies"", размер кучи — 36 МБ."
"Message",Normal,""
"Message",Normal,"Сводка преобразования"
"Message",Normal,"   мс | разностный файл кучи | имя"
"Message",Normal,"   811 |         30 | InjectCoreLibTypeForwards"
"Message",Normal,"   400 |         19 | WriteAssemblies"
"Message",Normal,"    16 |          0 | InjectCoreLibIReflectableTypeSupport"
"Message",Low,"Выполнение задачи ""ILTransformTask"" завершено."
"Message",Low,"Построение целевого объекта ""InjectCoreLibTypeForwards"" в проекте ""Unnamed_1"" завершено."
"Message",Low,"Целевой объект ""InjectCoreLibTypeForwards"" пропущен. Раньше построение было успешным."
"Message",Low,"Целевой объект ""PreResolveTransforms"" в файле ""C:\Program Files (x86)\MSBuild\Microsoft\.NetNative\ARM\ilc\IlcInternals.targets"" из проекта ""C:\Projects\CryptoNote\CryptoNote\Unnamed_1"" (целевой объект ""RunILTransforms"" зависит от него):"
"Message",Low,"Полное построение целевого объекта ""PreResolveTransforms""."
"Message",Low,"Выходной файл ""C:\Projects\CryptoNote\CryptoNote\obj\ARM\Release\ilc\intermediate\PreMergeILTransformed\CryptoNote.exe"" не существует."
"Message",Low,"Задача ""MakeDir"""
"Message",Normal,"Создание каталога ""C:\Projects\CryptoNote\CryptoNote\obj\ARM\Release\ilc\intermediate\PreMergeILTransformed\""."
"Message",Low,"Выполнение задачи ""MakeDir"" завершено."
"Message",Low,"Используется задача ""AssemblyClosureTask"" из сборки ""Microsoft.Build.ILTasks""."
"Message",Low,"Задача ""AssemblyClosureTask"""
"Message",Low,"Выполнение задачи ""AssemblyClosureTask"" завершено."
"Message",Low,"Задача ""ILTransformTask"" пропущена из-за невыполненного условия; выражение ('@(PreResolveTransforms)' != '') равно ('' != '')."
"Message",Low,"Используется задача ""Copy"" из сборки ""Microsoft.Build.Tasks.v4.0, Version=4.0.0.0, Culture=neutral, PublicKeyToken=b03f5f7f11d50a3a""."
"Message",Low,"Задача ""Copy"""
"Message",Normal,"Копирование файла из ""C:\Projects\CryptoNote\CryptoNote\obj\ARM\Release\ilc\in\CryptoNote.pdb"" в ""C:\Projects\CryptoNote\CryptoNote\obj\ARM\Release\ilc\intermediate\PreMergeILTransformed\CryptoNote.pdb""."
"Message",Low,"Выполнение задачи ""Copy"" завершено."
"Message",Low,"Задача ""Copy"""
"Message",Normal,"Копирование файла из ""C:\Projects\CryptoNote\CryptoNote\obj\ARM\Release\ilc\in\CryptoNote.exe"" в ""C:\Projects\CryptoNote\CryptoNote\obj\ARM\Release\ilc\intermediate\PreMergeILTransformed\CryptoNote.exe""."
"Message",Low,"Выполнение задачи ""Copy"" завершено."
"Message",Low,"Задача ""Copy"" пропущена из-за невыполненного условия; выражение ('$(HasMcgPatchDlls)'=='true') равно (''=='true')."
"Message",Low,"Построение целевого объекта ""PreResolveTransforms"" в проекте ""Unnamed_1"" завершено."
"Message",Low,"Целевой объект ""InitInputResourceName"" в файле ""C:\Program Files (x86)\MSBuild\Microsoft\.NetNative\ARM\ilc\IlcInternals.targets"" из проекта ""C:\Projects\CryptoNote\CryptoNote\Unnamed_1"" (целевой объект ""RunILTransforms"" зависит от него):"
"Message",Low,"Задача ""ResolveFilePathTask"" пропущена из-за невыполненного условия; выражение ('$(InputPath)' != '' and Exists('$(InputPath)\obj\')) равно ('C:\Projects\CryptoNote\CryptoNote\obj\ARM\Release\ilc\in' != '' and Exists('C:\Projects\CryptoNote\CryptoNote\obj\ARM\Release\ilc\in\obj\'))."
"Message",Low,"Используется задача ""ResolveFilePathTask"" из сборки ""Microsoft.Build.ILTasks""."
"Message",Low,"Задача ""ResolveFilePathTask"""
"Message",Low,"Выполнение задачи ""ResolveFilePathTask"" завершено."
"Message",Low,"Построение целевого объекта ""InitInputResourceName"" в проекте ""Unnamed_1"" завершено."
"Message",Low,"Целевой объект ""PreResolveTransforms"" пропущен. Раньше построение было успешным."
"Message",Low,"Целевой объект ""SetForSharedInputs"" пропущен из-за невыполненного условия; выражение ('$(UseSharedAssemblies)' == 'true') равно ('false' == 'true')."
"Message",Low,"Целевой объект ""SetForBuildSharedAssemblies"" пропущен из-за невыполненного условия; выражение ('$(BuildSharedAssemblies)' == 'true') равно ('false' == 'true')."
"Message",Low,"Целевой объект ""ResolveInitialReferences"" в файле ""C:\Program Files (x86)\MSBuild\Microsoft\.NetNative\ARM\ilc\IlcInternals.targets"" из проекта ""C:\Projects\CryptoNote\CryptoNote\Unnamed_1"" (целевой объект ""RunILTransforms"" зависит от него):"
"Message",Low,"Задача ""ResolveFilePathTask"""
"Message",Low,"Выполнение задачи ""ResolveFilePathTask"" завершено."
"Message",Low,"Задача ""ResolveFilePathTask"""
"Message",Low,"Выполнение задачи ""ResolveFilePathTask"" завершено."
"Message",Low,"Задача ""IlcErrorTask"" пропущена из-за невыполненного условия; выражение ('@(UnresolvedManagedDllFilesErrorParameters)'!='') равно (''!='')."
"Message",Low,"Задача ""AssemblyClosureTask"""
"Message",Low,"Выполнение задачи ""AssemblyClosureTask"" завершено."
"Message",Low,"Задача ""AssemblyClosureTask"""
"Message",Low,"Выполнение задачи ""AssemblyClosureTask"" завершено."
"Message",Low,"Используется задача ""RemoveDuplicates"" из сборки ""Microsoft.Build.Tasks.v4.0, Version=4.0.0.0, Culture=neutral, PublicKeyToken=b03f5f7f11d50a3a""."
"Message",Low,"Задача ""RemoveDuplicates"""
"Message",Low,"Выполнение задачи ""RemoveDuplicates"" завершено."
"Message",Low,"Построение целевого объекта ""ResolveInitialReferences"" в проекте ""Unnamed_1"" завершено."
"Message",Low,"Целевой объект ""RunILTransforms"" в файле ""C:\Program Files (x86)\MSBuild\Microsoft\.NetNative\ARM\ilc\IlcInternals.targets"" из проекта ""C:\Projects\CryptoNote\CryptoNote\Unnamed_1"" (целевой объект ""GenerateMDILResponseFileSingleFile"" зависит от него):"
"Message",Low,"Полное построение целевого объекта ""RunILTransforms""."
"Message",Low,"Выходной файл ""C:\Projects\CryptoNote\CryptoNote\obj\ARM\Release\ilc\intermediate\ILTransformed\CryptoNote.ilexe"" не существует."
"Message",Low,"Задача ""IlcMessageTask"""
"Message",High,"Обработка кода приложения"
"Message",Low,"Выполнение задачи ""IlcMessageTask"" завершено."
"Message",Low,"Используется задача ""ValidateSimpleNamesTask"" из сборки ""C:\Program Files (x86)\MSBuild\Microsoft\.NetNative\ARM\ilc\ilc.exe""."
"Message",Low,"Задача ""ValidateSimpleNamesTask"""
"Message",Low,"Выполнение задачи ""ValidateSimpleNamesTask"" завершено."
"Message",Low,"Задача ""MakeDir"""
"Message",Normal,"Создание каталога ""C:\Projects\CryptoNote\CryptoNote\obj\ARM\Release\ilc\intermediate\ILTransformed\""."
"Message",Low,"Выполнение задачи ""MakeDir"" завершено."
"Message",Low,"Задача ""MakeDir"" пропущена из-за невыполненного условия; выражение ('$(BuildSharedAssemblies)' == 'true' And '$(InternalFeatureSwitch_ILTableOfContents)' == 'true') равно ('false' == 'true' And 'true' == 'true')."
"Message",Low,"Задача ""MakeDir"" пропущена из-за невыполненного условия; выражение ('$(BuildSharedAssemblies)' == 'true' And '$(InternalFeatureSwitch_ILTableOfContents)' == 'true') равно ('false' == 'true' And 'true' == 'true')."
"Message",Low,"Задача ""IlcErrorTask"" пропущена из-за невыполненного условия; выражение ('$(PlatformTarget)'=='') равно ('arm'=='')."
"Message",Low,"Задача ""ResolveFilePathTask"""
"Message",Low,"Выполнение задачи ""ResolveFilePathTask"" завершено."
"Message",Low,"Задача ""IlcErrorTask"" пропущена из-за невыполненного условия; выражение ('@(UnresolvedMcgSourceContractsReferencesErrorParameters)'!='') равно (''!='')."
"Message",Low,"Задача ""ResolveFilePathTask"""
"Message",Low,"Выполнение задачи ""ResolveFilePathTask"" завершено."
"Message",Low,"Задача ""IlcErrorTask"" пропущена из-за невыполненного условия; выражение ('@(UnresolvedMcgSourceFacadeErrorParameters)'!='') равно (''!='')."
"Message",Low,"Задача ""ResolveFilePathTask"""
"Message",Low,"Выполнение задачи ""ResolveFilePathTask"" завершено."
"Message",Low,"Задача ""ResolveFilePathTask"""
"Message",Low,"Выполнение задачи ""ResolveFilePathTask"" завершено."
"Message",Low,"Задача ""IlcErrorTask"" пропущена из-за невыполненного условия; выражение ('@(UnresolvedManagedDllFilesErrorParameters)'!='') равно (''!='')."
"Message",Low,"Задача ""AssemblyClosureTask"""
"Message",Low,"Выполнение задачи ""AssemblyClosureTask"" завершено."
"Message",Low,"Задача ""ResolveFilePathTask"""
"Message",Low,"Выполнение задачи ""ResolveFilePathTask"" завершено."
"Message",Low,"Задача ""IlcErrorTask"" пропущена из-за невыполненного условия; выражение ('@(UnresolvedCoreAssemblyErrorParameters)'!='') равно (''!='')."
"Message",Low,"Задача ""RemoveDuplicates"""
"Message",Low,"Выполнение задачи ""RemoveDuplicates"" завершено."
"Message",Low,"Задача ""AddToNativePackageTask"" пропущена из-за невыполненного условия; выражение ('@(NeedsClrCompression)' != '' and '$(BuildSharedAssemblies)' != 'true') равно ('' != '' and 'false' != 'true')."
"Message",Low,"Задача ""MakeDir"""
"Message",Normal,"Создание каталога ""C:\Projects\CryptoNote\CryptoNote\obj\ARM\Release\ilc\intermediate\SgGenerated""."
"Message",Low,"Выполнение задачи ""MakeDir"" завершено."
"Message",Low,"Используется задача ""WriteLinesToFile"" из сборки ""Microsoft.Build.Tasks.v4.0, Version=4.0.0.0, Culture=neutral, PublicKeyToken=b03f5f7f11d50a3a""."
"Message",Low,"Задача ""WriteLinesToFile"""
"Message",Low,"Выполнение задачи ""WriteLinesToFile"" завершено."
"Message",Low,"Задача ""MakeDir"""
"Message",Normal,"Создание каталога ""C:\Projects\CryptoNote\CryptoNote\obj\ARM\Release\ilc\intermediate\ResW\""."
"Message",Low,"Выполнение задачи ""MakeDir"" завершено."
"Message",Low,"Задача ""IlcWarningTask"" пропущена из-за невыполненного условия; выражение ('$(BuildSharedAssemblies)' != 'true' and '@(ReducerInputFiles)' == '') равно ('false' != 'true' and 'C:\Projects\CryptoNote\CryptoNote\obj\ARM\Release\ilc\in\Properties\Default.rd.xml' == '')."
"Message",Low,"Задача ""ILTransformTask"""
"Message",Normal,"Выполняется преобразование ""Analysis"", размер кучи — 4 МБ."
"Message",Low,"Идет загрузка модулей (75)..."
"Message",Normal,"Импортированы директивы отражений из нескольких файлов (8):"
"Message",Normal,"C:\Projects\CryptoNote\CryptoNote\obj\ARM\Release\ilc\in\Properties\Default.rd.xml"
"Message",Normal,"Встроенный манифест System.Diagnostics.Tracing: Resources.System.Diagnostics.Tracing.rd.xml"
"Message",Normal,"Встроенный манифест System.Private.CoreLib: Resources.System.Private.CoreLib.rd.xml"
"Message",Normal,"Встроенный манифест System.Private.Uri: Resources.System.Private.Uri.rd.xml"
"Message",Normal,"Встроенный манифест System.Private.Reflection: Resources.System.Private.Reflection.rd.xml"
"Message",Normal,"Встроенный манифест System.Private.Reflection.Core: Resources.System.Private.Reflection.Core.rd.xml"
"Message",Normal,"Встроенный манифест System.Private.Interop: Resources.System.Private.Interop.rd.xml"
"Message",Normal,"Microsoft.ApplicationInsights"
"Message",Normal,"Импортированы корни XAML из нескольких файлов (1):"
"Message",Normal,"C:\Projects\CryptoNote\CryptoNote\obj\ARM\Release\ilc\in\CryptoNote.xr.xml"
"Message",Normal,"Выполняется преобразование ""Mcg"", размер кучи — 122 МБ."
"Message",High,"Вычисление закрытия приложения и создание кода взаимодействия"
"Message",Normal,"  Список LIB-файлов:"
"Message",Normal,"      WindowsApp.lib"
"Message",Normal,"  Список путей поиска LIB-файлов:"
"Message",Normal,"      C:\Program Files (x86)\Windows Kits\10\lib\10.0.10240.0\um\arm"
"Message",Normal,"  Идет загрузка экспортированных данных из LIB-файлов..."
"Message",Normal,"      2356 экспортирует операции чтения из ""C:\Program Files (x86)\Windows Kits\10\lib\10.0.10240.0\um\arm\WindowsApp.lib""."
"Message",Normal,"  Идет загрузка модулей (75)..."
"Message",Normal,"  Идет создание кода..."
"Message",Normal,"      Выполняется разрешение P/invoke..."
"Message",Normal,"          Не удалось разрешить P/Invoke ""RhWaitForPendingFinalizers"", но задано ExactSpelling. Применяется значение по умолчанию [MRT]!RhWaitForPendingFinalizers"
"Message",Normal,"          Не удалось разрешить P/Invoke ""RhCompatibleReentrantWaitAny"", но задано ExactSpelling. Применяется значение по умолчанию [MRT]!RhCompatibleReentrantWaitAny"
"Message",Normal,"          Не удалось разрешить P/Invoke ""_ecvt_s"", но задано ExactSpelling. Применяется значение по умолчанию [MRT]!_ecvt_s"
"Message",Normal,"          Не удалось разрешить P/Invoke ""memmove"", но задано ExactSpelling. Применяется значение по умолчанию [MRT]!memmove"
"Message",Normal,"          Метод P/Invoke ""GetLastError"" разрешен в api-ms-win-core-errorhandling-l1-1-1.dll!GetLastError."
"Message",Normal,"          Метод P/Invoke ""SetLastError"" разрешен в api-ms-win-core-errorhandling-l1-1-1.dll!SetLastError."
"Message",Normal,"          Метод P/Invoke ""GetLastError"" разрешен в api-ms-win-core-errorhandling-l1-1-1.dll!GetLastError."
"Message",Normal,"          Метод P/Invoke ""NormalizeString"" разрешен в api-ms-win-core-normalization-l1-1-0.dll!NormalizeString."
"Message",Normal,"          Метод P/Invoke ""RoInitialize"" разрешен в api-ms-win-core-winrt-l1-1-0.dll!RoInitialize."
"Message",Normal,"          Метод P/Invoke ""GetCurrentThreadId"" разрешен в api-ms-win-core-processthreads-l1-1-2.dll!GetCurrentThreadId."
"Message",Normal,"          Метод P/Invoke ""GetCurrentProcessId"" разрешен в api-ms-win-core-processthreads-l1-1-2.dll!GetCurrentProcessId."
"Message",Normal,"          Метод P/Invoke ""EventWriteTransfer"" разрешен в api-ms-win-eventing-provider-l1-1-0.dll!EventWriteTransfer."
"Message",Normal,"          Метод P/Invoke ""EventSetInformation"" разрешен в api-ms-win-eventing-provider-l1-1-0.dll!EventSetInformation."
"Message",Normal,"          Метод P/Invoke ""EventRegister"" разрешен в api-ms-win-eventing-provider-l1-1-0.dll!EventRegister."
"Message",Normal,"          Метод P/Invoke ""EventUnregister"" разрешен в api-ms-win-eventing-provider-l1-1-0.dll!EventUnregister."
"Message",Normal,"          Метод P/Invoke ""IsValidLocaleName"" разрешен в api-ms-win-core-localization-l1-2-1.dll!IsValidLocaleName."
"Message",Normal,"          Метод P/Invoke ""ResolveLocaleName"" разрешен в api-ms-win-core-localization-l1-2-1.dll!ResolveLocaleName."
"Message",Normal,"          Метод P/Invoke ""FormatMessage"" разрешен в api-ms-win-core-localization-l1-2-1.dll!FormatMessageA."
"Message",Normal,"          Метод P/Invoke ""GetCPInfoExW"" разрешен в api-ms-win-core-localization-l1-2-1.dll!GetCPInfoExW."
"Message",Normal,"          Метод P/Invoke ""IdnToAscii"" разрешен в api-ms-win-core-localization-l1-2-1.dll!IdnToAscii."
"Message",Normal,"          Метод P/Invoke ""IdnToUnicode"" разрешен в api-ms-win-core-localization-l1-2-1.dll!IdnToUnicode."
"Message",Normal,"          Метод P/Invoke ""FindNLSStringEx"" разрешен в api-ms-win-core-localization-l1-2-1.dll!FindNLSStringEx."
"Message",Normal,"          Метод P/Invoke ""FormatMessageW"" разрешен в api-ms-win-core-localization-l1-2-1.dll!FormatMessageW."
"Message",Normal,"          Метод P/Invoke ""GetCommandLineW"" разрешен в api-ms-win-core-processenvironment-l1-2-0.dll!GetCommandLineW."
"Message",Normal,"          Метод P/Invoke ""RaiseFailFastException"" разрешен в api-ms-win-core-errorhandling-l1-1-3.dll!RaiseFailFastException."
"Message",Normal,"          Метод P/Invoke ""QueryPerformanceFrequency"" разрешен в api-ms-win-core-profile-l1-1-0.dll!QueryPerformanceFrequency."
"Message",Normal,"          Метод P/Invoke ""QueryPerformanceCounter"" разрешен в api-ms-win-core-profile-l1-1-0.dll!QueryPerformanceCounter."
"Message",Normal,"          Не удалось разрешить P/Invoke ""CallingConventionConverter_GetStubs"", но задано ExactSpelling. Применяется значение по умолчанию *!CallingConventionConverter_GetStubs"
"Message",Normal,"          Не удалось разрешить P/Invoke ""CallingConventionConverter_SpecifyCommonStubData"", но задано ExactSpelling. Применяется значение по умолчанию *!CallingConventionConverter_SpecifyCommonStubData"
"Message",Normal,"          Не удалось разрешить P/Invoke ""ConstrainedCallSupport_GetStubs"", но задано ExactSpelling. Применяется значение по умолчанию *!ConstrainedCallSupport_GetStubs"
"Message",Normal,"          Метод P/Invoke ""GetNativeSystemInfo"" разрешен в api-ms-win-core-sysinfo-l1-2-1.dll!GetNativeSystemInfo."
"Message",Normal,"          Метод P/Invoke ""VirtualQuery"" разрешен в api-ms-win-core-memory-l1-1-2.dll!VirtualQuery."
"Message",Normal,"          Метод P/Invoke ""CompareStringEx"" разрешен в api-ms-win-core-string-l1-1-0.dll!CompareStringEx."
"Message",Normal,"          Метод P/Invoke ""CompareStringOrdinal"" разрешен в api-ms-win-core-string-l1-1-0.dll!CompareStringOrdinal."
"Message",Normal,"          Метод P/Invoke ""FindStringOrdinal"" разрешен в api-ms-win-core-libraryloader-l1-2-0.dll!FindStringOrdinal."
"Message",Normal,"          Метод P/Invoke ""deflateInit2_"" разрешен в clrcompression.dll!deflateInit2_."
"Message",Normal,"          Метод P/Invoke ""deflateEnd"" разрешен в clrcompression.dll!deflateEnd."
"Message",Normal,"          Метод P/Invoke ""inflateEnd"" разрешен в clrcompression.dll!inflateEnd."
"Message",Normal,"          Метод P/Invoke ""deflate"" разрешен в clrcompression.dll!deflate."
"Message",Normal,"          Не удалось разрешить P/Invoke ""CoCreateInstance"", но задано ExactSpelling. Применяется значение по умолчанию api-ms-win-core-com-l1-1-0.dll!CoCreateInstance"
"Message",Normal,"          Метод P/Invoke ""QueryUnbiasedInterruptTime"" разрешен в api-ms-win-core-realtime-l1-1-0.dll!QueryUnbiasedInterruptTime."
"Message",Normal,"          Метод P/Invoke ""SysFreeString"" разрешен в oleaut32.dll!#6."
"Message",Normal,"          Метод P/Invoke ""GetLongPathNameW"" разрешен в api-ms-win-core-file-l1-2-1.dll!GetLongPathNameW."
"Message",Normal,"          Метод P/Invoke ""GetLongPathNameW"" разрешен в api-ms-win-core-file-l1-2-1.dll!GetLongPathNameW."
"Message",Normal,"          Метод P/Invoke ""GetFullPathNameW"" разрешен в api-ms-win-core-file-l1-2-1.dll!GetFullPathNameW."
"Message",Normal,"          Метод P/Invoke ""GetFullPathNameW"" разрешен в api-ms-win-core-file-l1-2-1.dll!GetFullPathNameW."
"Message",Normal,"          Метод P/Invoke ""RoGetBufferMarshaler"" разрешен в api-ms-win-core-winrt-robuffer-l1-1-0.dll!RoGetBufferMarshaler."
"Message",Normal,"  Создан код взаимодействия."
"Message",Normal,"  Код записан в AssemblyInfo.g.cs"
"Message",Normal,"  Код записан в Adapters.g.cs"
"Message",Normal,"  Код записан в Data.g.cs"
"Message",Normal,"  Код записан в Helpers.g.cs"
"Message",Normal,"  Код записан в ImplTypes.g.cs"
"Message",Normal,"  Код записан в PInvoke.g.cs"
"Message",Normal,"  Код записан в SafeTypes.g.cs"
"Message",Normal,"  Код записан в SharedStubs.g.cs"
"Message",Normal,"  Код записан в CryptoNote.ITFProxy.g.cs"
"Message",Normal,"Выполняется преобразование ""CompileMcgSourceAndSerializationAssemblyGenerator"", размер кучи — 159 МБ."
"Message",High,"Создание кода сериализации"
"Message",High,"Компиляция кода взаимодействия"
"Message",Low,"Идет компиляция выходных данных MCG с аргументами:  /debug:""pdbonly"" /nowarn:""0436;0618;1668;1685;1701;1702"" /debug+ /nostdlib+ /optimize+ /out:""C:\Projects\CryptoNote\CryptoNote\obj\ARM\Release\ilc\intermediate\CryptoNote.Interop.dll"" /pdb:""C:\Projects\CryptoNote\CryptoNote\obj\ARM\Release\ilc\intermediate\CryptoNote.Interop.pdb"" /platform:""arm"" /warnaserror+ /unsafe /noconfig /nologo /target:library /define:""WIN32"" /define:""ARM"" /define:""MCG_PRE_BUILD"" /r:""C:\Program Files (x86)\MSBuild\Microsoft\.NetNative\ARM\ilc\lib\Private\System.Private.Corelib.dll"" /r:""C:\Program Files (x86)\MSBuild\Microsoft\.NetNative\ARM\ilc\lib\Private\System.Private.Corelib.InteropServices.dll"" /r:""C:\Program Files (x86)\MSBuild\Microsoft\.NetNative\ARM\ilc\lib\Private\System.Private.Interop.dll"" /r:""C:\Projects\CryptoNote\CryptoNote\obj\ARM\Release\ilc\in\System.Private.Uri.dll"" /r:""C:\Program Files (x86)\MSBuild\Microsoft\.NetNative\ARM\ilc\lib\Private\System.Private.CompilerServices.ICastable.dll"" /r:""C:\Program Files (x86)\MSBuild\Microsoft\.NetNative\ARM\ilc\lib\Private\System.Private.Reflection.dll"" /r:""C:\Program Files (x86)\MSBuild\Microsoft\.NetNative\ARM\ilc\lib\Private\System.Private.DispatchProxy.dll"" /r:""C:\Projects\CryptoNote\CryptoNote\obj\ARM\Release\ilc\in\System.Reflection.DispatchProxy.dll"" /r:""C:\Projects\CryptoNote\CryptoNote\obj\ARM\Release\ilc\in\System.Reflection.dll"" /r:""C:\Projects\CryptoNote\CryptoNote\obj\ARM\Release\ilc\in\System.Runtime.dll"" /r:""C:\Projects\CryptoNote\CryptoNote\obj\ARM\Release\ilc\in\System.Runtime.InteropServices.dll"" /r:""C:\Projects\CryptoNote\CryptoNote\obj\ARM\Release\ilc\in\System.Runtime.InteropServices.WindowsRuntime.dll"" /r:""C:\Projects\CryptoNote\CryptoNote\obj\ARM\Release\ilc\in\System.Numerics.Vectors.dll"" /r:""C:\Projects\CryptoNote\CryptoNote\obj\ARM\Release\ilc\in\System.Threading.dll"" /r:""C:\Projects\CryptoNote\CryptoNote\obj\ARM\Release\ilc\in\System.Diagnostics.Debug.dll"" /r:""C:\Projects\CryptoNote\CryptoNote\obj\ARM\Release\ilc\in\System.Runtime.Handles.dll"" /r:""C:\Projects\CryptoNote\CryptoNote\obj\ARM\Release\ilc\in\System.Dynamic.Runtime.dll"" /r:""C:\Program Files (x86)\MSBuild\Microsoft\.NetNative\ARM\ilc\lib\Private\System.Private.CoreLib.Augments.dll"" /r:""C:\Projects\CryptoNote\CryptoNote\obj\ARM\Release\ilc\in\System.Runtime.Extensions.dll"" /r:""C:\Projects\CryptoNote\CryptoNote\obj\ARM\Release\ilc\in\System.Collections.dll"" /r:""C:\Projects\CryptoNote\CryptoNote\obj\ARM\Release\ilc\in\System.ObjectModel.dll"" /r:""C:\Projects\CryptoNote\CryptoNote\obj\ARM\Release\ilc\in\System.Runtime.WindowsRuntime.dll"" /r:""C:\Projects\CryptoNote\CryptoNote\obj\ARM\Release\ilc\in\System.Runtime.WindowsRuntime.UI.Xaml.dll"" ""C:\Projects\CryptoNote\CryptoNote\obj\ARM\Release\ilc\intermediate\CryptoNote.ITFProxy.g.cs"" ""C:\Projects\CryptoNote\CryptoNote\obj\ARM\Release\ilc\intermediate\CryptoNote.Interop\Adapters.g.cs"" ""C:\Projects\CryptoNote\CryptoNote\obj\ARM\Release\ilc\intermediate\CryptoNote.Interop\AssemblyInfo.g.cs"" ""C:\Projects\CryptoNote\CryptoNote\obj\ARM\Release\ilc\intermediate\CryptoNote.Interop\Data.g.cs"" ""C:\Projects\CryptoNote\CryptoNote\obj\ARM\Release\ilc\intermediate\CryptoNote.Interop\Helpers.g.cs"" ""C:\Projects\CryptoNote\CryptoNote\obj\ARM\Release\ilc\intermediate\CryptoNote.Interop\ImplTypes.g.cs"" ""C:\Projects\CryptoNote\CryptoNote\obj\ARM\Release\ilc\intermediate\CryptoNote.Interop\PInvoke.g.cs"" ""C:\Projects\CryptoNote\CryptoNote\obj\ARM\Release\ilc\intermediate\CryptoNote.Interop\SafeTypes.g.cs"" ""C:\Projects\CryptoNote\CryptoNote\obj\ARM\Release\ilc\intermediate\CryptoNote.Interop\SharedStubs.g.cs""."
"Message",Normal,"Выполняется преобразование ""DumpNativeResources"", размер кучи — 159 МБ."
"Message",Normal,"Выполняется преобразование ""ReducedCopyInitialize"", размер кучи — 160 МБ."
"Message",Normal,"Выполняется преобразование ""ReducedCopyEmptyTypes"", размер кучи — 183 МБ."
"Message",Normal,"Выполняется преобразование ""ReducedCopyPopulateTypes"", размер кучи — 206 МБ."
"Message",Normal,"Выполняется преобразование ""ReducedCopyLateMetadata"", размер кучи — 240 МБ."
"Message",Normal,"Выполняется преобразование ""ReducedCopyMethodBodies"", размер кучи — 163 МБ."
"Message",Normal,"Выполняется преобразование ""ReducedCopyComplete"", размер кучи — 207 МБ."
"Message",Normal,"Выполняется преобразование ""ReducedCopyCleanup"", размер кучи — 201 МБ."
"Message",Normal,"Выполняется преобразование ""DeveloperExperienceModeOnlyCodeRemover"", размер кучи — 201 МБ."
"Message",Normal,"Выполняется преобразование ""ComImportDetector"", размер кучи — 201 МБ."
"Message",Normal,"Выполняется преобразование ""McgAccessor"", размер кучи — 201 МБ."
"Message",Normal,"Выполняется преобразование ""McgRedirect"", размер кучи — 203 МБ."
"Message",Normal,"Выполняется преобразование ""McgRedirect"", размер кучи — 206 МБ."
"Message",Normal,"Выполняется преобразование ""McgTypeOf"", размер кучи — 207 МБ."
"Message",Normal,"Выполняется преобразование ""ExceptionMiniaturizer"", размер кучи — 213 МБ."
"Message",Normal,"Выполняется преобразование ""EventSource"", размер кучи — 223 МБ."
"Message",Normal,"Выполняется преобразование ""ValueType"", размер кучи — 224 МБ."
"Message",Normal,"Выполняется преобразование ""Attribute"", размер кучи — 226 МБ."
"Message",Normal,"Выполняется преобразование ""GetType"", размер кучи — 227 МБ."
"Message",Normal,"Выполняется преобразование ""McgFixups"", размер кучи — 228 МБ."
"Message",Normal,"Выполняется преобразование ""ResourceManagerCtor"", размер кучи — 230 МБ."
"Message",Normal,"Выполняется преобразование ""TypeofTypeHandle"", размер кучи — 230 МБ."
"Message",Normal,"Выполняется преобразование ""DispatchProxyIntrinsics"", размер кучи — 236 МБ."
"Message",Normal,"Выполняется преобразование ""StaticInitData"", размер кучи — 237 МБ."
"Message",Normal,"Выполняется преобразование ""StartupCodeInjector"", размер кучи — 254 МБ."
"Message",Normal,"Выполняется преобразование ""InjectAppContextSwitches"", размер кучи — 254 МБ."
"Message",Normal,"Выполняется преобразование ""ImplementLibraryDynamicInvokeHelpers"", размер кучи — 254 МБ."
"Message",Normal,"Выполняется преобразование ""Delegate"", размер кучи — 254 МБ."
"Message",Normal,"Выполняется преобразование ""DelegateCtorCall"", размер кучи — 268 МБ."
"Message",Normal,"Выполняется преобразование ""LazyGenerics"", размер кучи — 270 МБ."
"Message",Normal,"Выполняется преобразование ""AddReflectionBlockedAttributes"", размер кучи — 229 МБ."
"Message",Normal,"Выполняется преобразование ""DisableOptimization"", размер кучи — 229 МБ."
"Message",Normal,"Выполняется преобразование ""CreateMetadata"", размер кучи — 229 МБ."
"Message",Normal,"Выполняется преобразование ""SynchronizedMethod"", размер кучи — 254 МБ."
"Message",Normal,"Выполняется преобразование ""ReflectionInvoke"", размер кучи — 254 МБ."
"Message",Normal,"Выполняется преобразование ""ScrubOpenCalls"", размер кучи — 255 МБ."
"Message",Normal,"Выполняется преобразование ""Calli"", размер кучи — 255 МБ."
"Message",Normal,"Выполняется преобразование ""ConvertCatchIntoFilter"", размер кучи — 265 МБ."
"Message",Normal,"Выполняется преобразование ""ReflectionMappingInfoEmit"", размер кучи — 265 МБ."
"Message",Normal,"Выполняется преобразование ""ConvertManagedWinMD"", размер кучи — 266 МБ."
"Message",Normal,"Выполняется преобразование ""Reducer"", размер кучи — 266 МБ."
"Message",High,"Очистка кода без ссылок"
"Message",Normal,"Выполняется преобразование ""WriteAssemblies"", размер кучи — 294 МБ."
"Message",Normal,""
"Message",Normal,"Сводка преобразования"
"Message",Normal,"   мс | разностный файл кучи | имя"
"Message",Normal,"  6706 |        118 | Analysis"
"Message",Normal,"  2636 |          0 | CompileMcgSourceAndSerializationAssemblyGenerator"
"Message",Normal,"  1804 |         37 | Mcg"
"Message",Normal,"  1650 |         21 | WriteAssemblies"
"Message",Normal,"  1452 |         28 | Reducer"
"Message",Normal,"   437 |         23 | ReducedCopyEmptyTypes"
"Message",Normal,"   411 |         34 | ReducedCopyPopulateTypes"
"Message",Normal,"   373 |        -41 | LazyGenerics"
"Message",Normal,"   348 |         25 | CreateMetadata"
"Message",Normal,"   333 |         -6 | ReducedCopyComplete"
"Message",Normal,"   304 |        -77 | ReducedCopyLateMetadata"
"Message",Normal,"   271 |         10 | ExceptionMiniaturizer"
"Message",Normal,"   237 |         44 | ReducedCopyMethodBodies"
"Message",Normal,"   163 |         23 | ReducedCopyInitialize"
"Message",Normal,"   147 |         17 | StaticInitData"
"Message",Normal,"   131 |          3 | McgRedirect"
"Message",Normal,"   129 |          6 | McgTypeOf"
"Message",Normal,"   120 |          1 | EventSource"
"Message",Normal,"    98 |          6 | TypeofTypeHandle"
"Message",Normal,"    94 |         10 | Calli"
"Message",Normal,"    88 |          1 | McgRedirect"
"Message",Normal,"    66 |          1 | GetType"
"Message",Normal,"    64 |         14 | Delegate"
"Message",Normal,"    52 |          2 | DelegateCtorCall"
"Message",Normal,"    50 |          2 | McgAccessor"
"Message",Normal,"    35 |          2 | McgFixups"
"Message",Normal,"    25 |          0 | SynchronizedMethod"
"Message",Normal,"    21 |          0 | StartupCodeInjector"
"Message",Normal,"    19 |          2 | ValueType"
"Message",Normal,"    15 |          0 | ScrubOpenCalls"
"Message",Normal,"    13 |          1 | DispatchProxyIntrinsics"
"Message",Normal,"    10 |          0 | ConvertCatchIntoFilter"
"Message",Normal,"     9 |          1 | ReflectionInvoke"
"Message",Normal,"     7 |          0 | ImplementLibraryDynamicInvokeHelpers"
"Message",Normal,"     6 |          1 | ReflectionMappingInfoEmit"
"Message",Normal,"     6 |          0 | DeveloperExperienceModeOnlyCodeRemover"
"Message",Normal,"     6 |          1 | Attribute"
"Message",Normal,"     5 |          1 | DumpNativeResources"
"Message",Normal,"     4 |          0 | ResourceManagerCtor"
"Message",Normal,"     2 |          0 | AddReflectionBlockedAttributes"
"Message",Normal,"     1 |          0 | ComImportDetector"
"Message",Normal,"     1 |          0 | InjectAppContextSwitches"
"Message",Normal,"     0 |          0 | DisableOptimization"
"Message",Normal,"     0 |          0 | ReducedCopyCleanup"
"Message",Normal,"     0 |          0 | ConvertManagedWinMD"
"Message",Low,"Выполнение задачи ""ILTransformTask"" завершено."
"Message",Low,"Задача ""WriteLinesToFile"" пропущена из-за невыполненного условия; выражение ('$(BuildSharedAssemblies)' == 'true') равно ('false' == 'true')."
"Message",Low,"Построение целевого объекта ""RunILTransforms"" в проекте ""Unnamed_1"" завершено."
"Message",Low,"Целевой объект ""CheckSharedAssemblyClosure"" пропущен из-за невыполненного условия; выражение ('$(BuildSharedAssemblies)' == 'true') равно ('false' == 'true')."
"Message",Low,"Целевой объект ""MergePgoCounts"" пропущен из-за невыполненного условия; выражение ('$(Pgu)'=='true' and '$(MultiPhasePgd)'!='true') равно ('false'=='true' and 'false'!='true')."
"Message",Low,"Целевой объект ""GenerateMDILResponseFileSingleFile"" в файле ""C:\Program Files (x86)\MSBuild\Microsoft\.NetNative\ARM\ilc\IlcInternals.targets"" из проекта ""C:\Projects\CryptoNote\CryptoNote\Unnamed_1"" (целевой объект ""GenerateMDILSingleFile"" зависит от него):"
"Message",Low,"Полное построение целевого объекта ""GenerateMDILResponseFileSingleFile""."
"Message",Low,"Выходной файл ""C:\Projects\CryptoNote\CryptoNote\obj\ARM\Release\ilc\intermediate\nutcargs.rsp"" не существует."
"Message",Low,"Задача ""IlcMessageTask"""
"Message",High,"Создание машинного кода"
"Message",Low,"Выполнение задачи ""IlcMessageTask"" завершено."
"Message",Low,"Задача ""MakeDir"""
"Message",Normal,"Создание каталога ""C:\Projects\CryptoNote\CryptoNote\obj\ARM\Release\ilc\intermediate\MDIL\""."
"Message",Low,"Выполнение задачи ""MakeDir"" завершено."
"Message",Low,"Задача ""WriteLinesToFile"""
"Message",Low,"Выполнение задачи ""WriteLinesToFile"" завершено."
"Message",Low,"Построение целевого объекта ""GenerateMDILResponseFileSingleFile"" в проекте ""Unnamed_1"" завершено."
"Message",Low,"Целевой объект ""GenerateMDILSingleFile"" в файле ""C:\Program Files (x86)\MSBuild\Microsoft\.NetNative\ARM\ilc\IlcInternals.targets"" из проекта ""C:\Projects\CryptoNote\CryptoNote\Unnamed_1"" (целевой объект ""GenerateMDIL"" зависит от него):"
"Message",Low,"Полное построение целевого объекта ""GenerateMDILSingleFile""."
"Message",Low,"Выходной файл ""C:\Projects\CryptoNote\CryptoNote\obj\ARM\Release\ilc\intermediate\MDIL\CryptoNote.mdilexe"" не существует."
"Message",Low,"Используется задача ""StartProcessTask"" из сборки ""Microsoft.Build.ILTasks""."
"Message",Low,"Задача ""StartProcessTask"""
"Message",Normal,"Идет запуск ""C:\Program Files (x86)\MSBuild\Microsoft\.NetNative\ARM\ilc\Tools\nutc_driver.exe @""C:\Projects\CryptoNote\CryptoNote\obj\ARM\Release\ilc\intermediate\nutcargs.rsp""""."
"Message",Low,"Microsoft (R) MDIL Compiler - Version 1.0.23309.00"
"Message",Low,"Copyright (c) Microsoft Corporation.  All rights reserved."
"Message",Low,"╨б╨║╨░╨╜╨╕╤А╨╛╨▓╨░╨╜╨╕╨╡ ╨▓╤Е╨╛╨┤╨╜╤Л╤Е ╤В╨╕╨┐╨╛╨▓"
"Message",Low,"╨б╨║╨░╨╜╨╕╤А╨╛╨▓╨░╨╜╨╕╨╡ ╨╝╨╡╤В╨╛╨┤╨╛╨▓: 4836."
"Message",Low,"╨б╨║╨░╨╜╨╕╤А╨╛╨▓╨░╨╜╨╕╨╡ ╨╝╨╡╤В╨╛╨┤╨╛╨▓: 3181."
"Message",Low,"╨б╨║╨░╨╜╨╕╤А╨╛╨▓╨░╨╜╨╕╨╡ ╨╝╨╡╤В╨╛╨┤╨╛╨▓: 2178."
"Message",Low,"╨б╨║╨░╨╜╨╕╤А╨╛╨▓╨░╨╜╨╕╨╡ ╨╝╨╡╤В╨╛╨┤╨╛╨▓: 1666."
"Message",Low,"╨б╨║╨░╨╜╨╕╤А╨╛╨▓╨░╨╜╨╕╨╡ ╨╝╨╡╤В╨╛╨┤╨╛╨▓: 3969."
"Message",Low,"╨б╨║╨░╨╜╨╕╤А╨╛╨▓╨░╨╜╨╕╨╡ ╨╝╨╡╤В╨╛╨┤╨╛╨▓: 3310."
"Message",Low,"╨б╨║╨░╨╜╨╕╤А╨╛╨▓╨░╨╜╨╕╨╡ ╨╝╨╡╤В╨╛╨┤╨╛╨▓: 2613."
"Message",Low,"╨б╨║╨░╨╜╨╕╤А╨╛╨▓╨░╨╜╨╕╨╡ ╨╝╨╡╤В╨╛╨┤╨╛╨▓: 1876."
"Message",Low,"╨б╨║╨░╨╜╨╕╤А╨╛╨▓╨░╨╜╨╕╨╡ ╨╝╨╡╤В╨╛╨┤╨╛╨▓: 1245."
"Message",Low,"╨б╨║╨░╨╜╨╕╤А╨╛╨▓╨░╨╜╨╕╨╡ ╨╝╨╡╤В╨╛╨┤╨╛╨▓: 1086."
"Message",Low,"╨б╨║╨░╨╜╨╕╤А╨╛╨▓╨░╨╜╨╕╨╡ ╨╝╨╡╤В╨╛╨┤╨╛╨▓: 760."
"Message",Low,"╨б╨║╨░╨╜╨╕╤А╨╛╨▓╨░╨╜╨╕╨╡ ╨╝╨╡╤В╨╛╨┤╨╛╨▓: 495."
"Message",Low,"╨б╨║╨░╨╜╨╕╤А╨╛╨▓╨░╨╜╨╕╨╡ ╨╝╨╡╤В╨╛╨┤╨╛╨▓: 267."
"Message",Low,"╨б╨║╨░╨╜╨╕╤А╨╛╨▓╨░╨╜╨╕╨╡ ╨╝╨╡╤В╨╛╨┤╨╛╨▓: 166."
"Message",Low,"╨б╨║╨░╨╜╨╕╤А╨╛╨▓╨░╨╜╨╕╨╡ ╨╝╨╡╤В╨╛╨┤╨╛╨▓: 121."
"Message",Low,"╨б╨║╨░╨╜╨╕╤А╨╛╨▓╨░╨╜╨╕╨╡ ╨╝╨╡╤В╨╛╨┤╨╛╨▓: 152."
"Message",Low,"╨б╨║╨░╨╜╨╕╤А╨╛╨▓╨░╨╜╨╕╨╡ ╨╝╨╡╤В╨╛╨┤╨╛╨▓: 133."
"Message",Low,"╨б╨║╨░╨╜╨╕╤А╨╛╨▓╨░╨╜╨╕╨╡ ╨╝╨╡╤В╨╛╨┤╨╛╨▓: 123."
"Message",Low,"╨б╨║╨░╨╜╨╕╤А╨╛╨▓╨░╨╜╨╕╨╡ ╨╝╨╡╤В╨╛╨┤╨╛╨▓: 83."
"Message",Low,"╨б╨║╨░╨╜╨╕╤А╨╛╨▓╨░╨╜╨╕╨╡ ╨╝╨╡╤В╨╛╨┤╨╛╨▓: 35."
"Message",Low,"╨б╨║╨░╨╜╨╕╤А╨╛╨▓╨░╨╜╨╕╨╡ ╨╝╨╡╤В╨╛╨┤╨╛╨▓: 17."
"Message",Low,"╨б╨║╨░╨╜╨╕╤А╨╛╨▓╨░╨╜╨╕╨╡ ╨╝╨╡╤В╨╛╨┤╨╛╨▓: 9."
"Message",Low,"╨б╨║╨░╨╜╨╕╤А╨╛╨▓╨░╨╜╨╕╨╡ ╨╝╨╡╤В╨╛╨┤╨╛╨▓: 6."
"Message",Low,"╨б╨║╨░╨╜╨╕╤А╨╛╨▓╨░╨╜╨╕╨╡ ╨╝╨╡╤В╨╛╨┤╨╛╨▓: 6."
"Message",Low,"╨б╨║╨░╨╜╨╕╤А╨╛╨▓╨░╨╜╨╕╨╡ ╨╝╨╡╤В╨╛╨┤╨╛╨▓: 8."
"Message",Low,"╨б╨║╨░╨╜╨╕╤А╨╛╨▓╨░╨╜╨╕╨╡ ╨╝╨╡╤В╨╛╨┤╨╛╨▓: 2."
"Message",Low,"╨Э╨╡╨╛╤В╨╗╨╛╨╢╨╜╨╛╨╡ ╤Б╨╛╨╖╨┤╨░╨╜╨╕╨╡ ╨║╨╛╨┤╨░"
"Message",Low,"╨Ъ╨╛╨╝╨┐╨╕╨╗╤П╤Ж╨╕╤П ╨╝╨╡╤В╨╛╨┤╨╛╨▓: 28343."
"Message",Low,"╨Ю╤В╨╗╨╛╨╢╨╡╨╜╨╜╨╛╨╡ ╤Б╨╛╨╖╨┤╨░╨╜╨╕╨╡ ╨║╨╛╨┤╨░"
"Message",Low,"╨г╤Б╨┐╨╡╤И╨╜╨╛ ╤Б╨╛╨╖╨┤╨░╨╜: ""C:\Projects\CryptoNote\CryptoNote\obj\ARM\Release\ilc\intermediate\MDIL\CryptoNote.mdilexe"""
"Message",Low,"╨г╤Б╨┐╨╡╤И╨╜╨╛ ╤Б╨╛╨╖╨┤╨░╨╜: ""C:\Projects\CryptoNote\CryptoNote\obj\ARM\Release\ilc\intermediate\MDIL\CryptoNote.mdilpdb"""
"Message",Normal,"Задача ""C:\Program Files (x86)\MSBuild\Microsoft\.NetNative\ARM\ilc\Tools\nutc_driver.exe @""C:\Projects\CryptoNote\CryptoNote\obj\ARM\Release\ilc\intermediate\nutcargs.rsp"""" завершена."
"Message",Normal,"Статистика выполнения процессов (все значения в миллисекундах)"
"Message",Normal,"-----------------------------------------------------------------------------"
"Message",Normal,"запустить  |  начать   |   остановить   |   завершить    | длительность | время существования | имя [слот]"
"Message",Normal,"-----------------------------------------------------------------------------"
"Message",Normal,"       0 |       62 |    14891 |    14891 |    14829 |    14891 | [0] Nutc SingleFile"
"Message",Normal,"Число команд:      1"
"Message",Normal,"Общее системное время:       14891 мс"
"Message",Normal,"Системное время на команду: 14891 мс"
"Message",Normal,"Общая длительность:          14829 мс"
"Message",Normal,"Общее время жизни:          14891 мс"
"Message",Normal,"Запрошенный DOP:           8"
"Message",Normal,"Длительность DOP:            1,0"
"Message",Normal,"Время жизни DOP:            1,0"
"Message",Low,"Выполнение задачи ""StartProcessTask"" завершено."
"Message",Low,"Построение целевого объекта ""GenerateMDILSingleFile"" в проекте ""Unnamed_1"" завершено."
"Message",Low,"Целевой объект ""GenerateMDIL"" в файле ""C:\Program Files (x86)\MSBuild\Microsoft\.NetNative\ARM\ilc\IlcInternals.targets"" из проекта ""C:\Projects\CryptoNote\CryptoNote\Unnamed_1"" (целевой объект ""MDILBindPrepare"" зависит от него):"
"Message",Normal,"Целевой объект ""GenerateMDIL"" пропускается, так как все выходные файлы актуальны по отношению к входным."
"Message",Low,"Входные файлы: C:\Projects\CryptoNote\CryptoNote\obj\ARM\Release\ilc\intermediate\nutcargs.rsp"
"Message",Low,"Выходные файлы: C:\Projects\CryptoNote\CryptoNote\obj\ARM\Release\ilc\intermediate\MDIL\CryptoNote.mdilexe;C:\Projects\CryptoNote\CryptoNote\obj\ARM\Release\ilc\intermediate\MDIL\CryptoNote.mdilpdb"
"Message",Low,"Построение целевого объекта ""GenerateMDIL"" в проекте ""Unnamed_1"" завершено."
"Message",Low,"Целевой объект ""GenerateBuildInfo"" в файле ""C:\Program Files (x86)\MSBuild\Microsoft\.NetNative\ARM\ilc\IlcInternals.targets"" из проекта ""C:\Projects\CryptoNote\CryptoNote\Unnamed_1"" (целевой объект ""MDILBindPrepare"" зависит от него):"
"Message",Low,"Полное построение целевого объекта ""GenerateBuildInfo""."
"Message",Low,"Выходной файл ""C:\Projects\CryptoNote\CryptoNote\obj\ARM\Release\ilc\intermediate\Native.res"" не существует."
"Message",Low,"Задача ""StartProcessTask"""
"Message",Normal,"Идет запуск ""C:\Program Files (x86)\Windows Kits\10\bin\x86\rc.exe /c 65001 /r /fo ""C:\Projects\CryptoNote\CryptoNote\obj\ARM\Release\ilc\intermediate\BuildInfo\BuildInfo.res"" ""C:\Projects\CryptoNote\CryptoNote\obj\ARM\Release\ilc\intermediate\BuildInfo\BuildInfo.rc""""."
"Message",Low,"Microsoft (R) Windows (R) Resource Compiler Version 10.0.10011.16384"
"Message",Low,"Copyright (C) Microsoft Corporation.  All rights reserved."
"Message",Normal,"Задача ""C:\Program Files (x86)\Windows Kits\10\bin\x86\rc.exe /c 65001 /r /fo ""C:\Projects\CryptoNote\CryptoNote\obj\ARM\Release\ilc\intermediate\BuildInfo\BuildInfo.res"" ""C:\Projects\CryptoNote\CryptoNote\obj\ARM\Release\ilc\intermediate\BuildInfo\BuildInfo.rc"""" завершена."
"Message",Normal,"Статистика выполнения процессов (все значения в миллисекундах)"
"Message",Normal,"-----------------------------------------------------------------------------"
"Message",Normal,"запустить  |  начать   |   остановить   |   завершить    | длительность | время существования | имя [слот]"
"Message",Normal,"-----------------------------------------------------------------------------"
"Message",Normal,"       0 |       16 |      250 |      250 |      234 |      250 | [0] RC"
"Message",Normal,"Число команд:      1"
"Message",Normal,"Общее системное время:       250 мс"
"Message",Normal,"Системное время на команду: 250 мс"
"Message",Normal,"Общая длительность:          234 мс"
"Message",Normal,"Общее время жизни:          250 мс"
"Message",Normal,"Запрошенный DOP:           8"
"Message",Normal,"Длительность DOP:            0,9"
"Message",Normal,"Время жизни DOP:            1,0"
"Message",Low,"Выполнение задачи ""StartProcessTask"" завершено."
"Message",Low,"Используется задача ""BinaryConcatenateTask"" из сборки ""Microsoft.Build.ILTasks""."
"Message",Low,"Задача ""BinaryConcatenateTask"""
"Message",Normal,"Идет объединение ""C:\Projects\CryptoNote\CryptoNote\obj\ARM\Release\ilc\intermediate\Native.res"" с выравниванием ""4""."
"Message",Normal," Добавлено ""C:\Projects\CryptoNote\CryptoNote\obj\ARM\Release\ilc\intermediate\ILTransformed\CryptoNote.res"" в смещении 0."
"Message",Normal," Добавлено ""C:\Projects\CryptoNote\CryptoNote\obj\ARM\Release\ilc\intermediate\BuildInfo\BuildInfo.res"" в смещении 1400."
"Message",Low,"Выполнение задачи ""BinaryConcatenateTask"" завершено."
"Message",Low,"Построение целевого объекта ""GenerateBuildInfo"" в проекте ""Unnamed_1"" завершено."
"Message",Low,"Целевой объект ""MDILBindPrepare"" в файле ""C:\Program Files (x86)\MSBuild\Microsoft\.NetNative\ARM\ilc\IlcInternals.targets"" из проекта ""C:\Projects\CryptoNote\CryptoNote\Unnamed_1"" (целевой объект ""MDILBindCreateResponseFiles"" зависит от него):"
"Message",Low,"Задача ""MakeDir"""
"Message",Normal,"Создание каталога ""C:\Projects\CryptoNote\CryptoNote\obj\ARM\Release\ilc\intermediate\Native\""."
"Message",Low,"Выполнение задачи ""MakeDir"" завершено."
"Message",Low,"Задача ""StartProcessTask"" пропущена из-за невыполненного условия; выражение ('$(Pgi)'=='true') равно ('false'=='true')."
"Message",Low,"Построение целевого объекта ""MDILBindPrepare"" в проекте ""Unnamed_1"" завершено."
"Message",Low,"Целевой объект ""MDILBindCreateResponseFiles"" в файле ""C:\Program Files (x86)\MSBuild\Microsoft\.NetNative\ARM\ilc\IlcInternals.targets"" из проекта ""C:\Projects\CryptoNote\CryptoNote\Unnamed_1"" (целевой объект ""MDILBind"" зависит от него):"
"Message",Low,"Полное построение целевого объекта ""MDILBindCreateResponseFiles""."
"Message",Low,"Выходной файл ""C:\Projects\CryptoNote\CryptoNote\obj\ARM\Release\ilc\intermediate\rhbindargs.CryptoNote.rsp"" не существует."
"Message",Low,"Задача ""WriteLinesToFile"""
"Message",Low,"Выполнение задачи ""WriteLinesToFile"" завершено."
"Message",Low,"Построение целевого объекта ""MDILBindCreateResponseFiles"" в проекте ""Unnamed_1"" завершено."
"Message",Low,"Целевой объект ""MDILBind"" в файле ""C:\Program Files (x86)\MSBuild\Microsoft\.NetNative\ARM\ilc\IlcInternals.targets"" из проекта ""C:\Projects\CryptoNote\CryptoNote\Unnamed_1"" (целевой объект ""CopyNativeExecutablesToOutput"" зависит от него):"
"Message",Low,"Полное построение целевого объекта ""MDILBind""."
"Message",Low,"Выходной файл ""C:\Projects\CryptoNote\CryptoNote\obj\ARM\Release\ilc\intermediate\Native\CryptoNote.exe"" не существует."
"Message",Low,"Задача ""IlcMessageTask"""
"Message",High,"Создание исправлений для машинного кода"
"Message",Low,"Выполнение задачи ""IlcMessageTask"" завершено."
"Message",Low,"Задача ""StartProcessTask"""
"Message",Normal,"Идет запуск ""C:\Program Files (x86)\MSBuild\Microsoft\.NetNative\ARM\ilc\Tools\rhbind.exe @""C:\Projects\CryptoNote\CryptoNote\obj\ARM\Release\ilc\intermediate\rhbindargs.CryptoNote.rsp""""."
"Message",Low,"OS VERSION: major: 6  minor: 2"
"Message",Low,"MDIL: C:\Projects\CryptoNote\CryptoNote\obj\ARM\Release\ilc\intermediate\MDIL\CryptoNote.mdilexe"
"Message",Low,"MDILPDB: C:\Projects\CryptoNote\CryptoNote\obj\ARM\Release\ilc\intermediate\MDIL\CryptoNote.mdilpdb"
"Message",Low,"IL: C:\Projects\CryptoNote\CryptoNote\obj\ARM\Release\ilc\intermediate\MDIL\CryptoNote.ilexe"
"Message",Low,"NI: C:\Projects\CryptoNote\CryptoNote\obj\ARM\Release\ilc\intermediate\Native\CryptoNote.dll"
"Message",Low,"SHIM: C:\Projects\CryptoNote\CryptoNote\obj\ARM\Release\ilc\intermediate\Native\CryptoNote.exe"
"Message",Low,"REDHAWK_RUNTIME_DLL_NAME_A=mrt100_app.dll"
"Message",Low,"pdb: C:\Projects\CryptoNote\CryptoNote\obj\ARM\Release\ilc\intermediate\Native\CryptoNote.pdb"
"Message",Low,"Produced C:\Projects\CryptoNote\CryptoNote\obj\ARM\Release\ilc\intermediate\Native\CryptoNote.dll in 1.562 seconds"
"Message",Normal,"Задача ""C:\Program Files (x86)\MSBuild\Microsoft\.NetNative\ARM\ilc\Tools\rhbind.exe @""C:\Projects\CryptoNote\CryptoNote\obj\ARM\Release\ilc\intermediate\rhbindargs.CryptoNote.rsp"""" завершена."
"Message",Normal,"Статистика выполнения процессов (все значения в миллисекундах)"
"Message",Normal,"-----------------------------------------------------------------------------"
"Message",Normal,"запустить  |  начать   |   остановить   |   завершить    | длительность | время существования | имя [слот]"
"Message",Normal,"-----------------------------------------------------------------------------"
"Message",Normal,"       0 |       31 |     1641 |     1641 |     1610 |     1641 | [0] rhbind CryptoNote"
"Message",Normal,"Число команд:      1"
"Message",Normal,"Общее системное время:       1641 мс"
"Message",Normal,"Системное время на команду: 1641 мс"
"Message",Normal,"Общая длительность:          1610 мс"
"Message",Normal,"Общее время жизни:          1641 мс"
"Message",Normal,"Запрошенный DOP:           8"
"Message",Normal,"Длительность DOP:            1,0"
"Message",Normal,"Время жизни DOP:            1,0"
"Message",Low,"Выполнение задачи ""StartProcessTask"" завершено."
"Message",Low,"Задача ""Move"" пропущена из-за невыполненного условия; выражение ('$(PdbPath)'!='') равно (''!='')."
"Message",Low,"Построение целевого объекта ""MDILBind"" в проекте ""Unnamed_1"" завершено."
"Message",Low,"Целевой объект ""CopyNativeExecutablesToOutput"" в файле ""C:\Program Files (x86)\MSBuild\Microsoft\.NetNative\ARM\ilc\IlcInternals.targets"" из проекта ""C:\Projects\CryptoNote\CryptoNote\Unnamed_1"" (целевой объект ""Build"" зависит от него):"
"Message",Low,"Используется задача ""AddToNativePackageTask"" из сборки ""C:\Program Files (x86)\MSBuild\Microsoft\.NetNative\ARM\ilc\ilc.exe""."
"Message",Low,"Задача ""AddToNativePackageTask"""
"Message",Low,"Выполнение задачи ""AddToNativePackageTask"" завершено."
"Message",Low,"Задача ""AddToNativePackageTask"""
"Message",Low,"Выполнение задачи ""AddToNativePackageTask"" завершено."
"Message",Low,"Задача ""AddToNativePackageTask"" пропущена из-за невыполненного условия; выражение ('$(BuildSharedAssemblies)' != 'true' and '$(AllowAppLocalMrt)' == 'true') равно ('false' != 'true' and 'false' == 'true')."
"Message",Low,"Задача ""AddToNativePackageTask"" пропущена из-за невыполненного условия; выражение ('$(BuildSharedAssemblies)' == 'true') равно ('false' == 'true')."
"Message",Low,"Задача ""AddToNativePackageTask"" пропущена из-за невыполненного условия; выражение ('$(BuildSharedAssemblies)' == 'true') равно ('false' == 'true')."
"Message",Low,"Задача ""AddToNativePackageTask"" пропущена из-за невыполненного условия; выражение ('$(BuildSharedAssemblies)' == 'true') равно ('false' == 'true')."
"Message",Low,"Задача ""AddToNativePackageTask"" пропущена из-за невыполненного условия; выражение ('$(BuildSharedAssemblies)' == 'true' And '$(InternalFeatureSwitch_ILTableOfContents)' == 'true') равно ('false' == 'true' And 'true' == 'true')."
"Message",Low,"Задача ""AddToNativePackageTask"" пропущена из-за невыполненного условия; выражение ('$(BuildSharedAssemblies)' == 'true' And '$(InternalFeatureSwitch_ILTableOfContents)' == 'true') равно ('false' == 'true' And 'true' == 'true')."
"Message",Low,"Задача ""AddToNativePackageTask"" пропущена из-за невыполненного условия; выражение ('$(BuildSharedAssemblies)' == 'true' And '$(InternalFeatureSwitch_ILTableOfContents)' == 'true') равно ('false' == 'true' And 'true' == 'true')."
"Message",Low,"Задача ""AddToNativePackageTask"" пропущена из-за невыполненного условия; выражение ('$(BuildSharedAssemblies)' == 'true' And '$(InternalFeatureSwitch_ILTableOfContents)' == 'true') равно ('false' == 'true' And 'true' == 'true')."
"Message",Low,"Задача ""AddToNativePackageTask"" пропущена из-за невыполненного условия; выражение ('$(BuildSharedAssemblies)' == 'true') равно ('false' == 'true')."
"Message",Low,"Задача ""AddToNativePackageTask"" пропущена из-за невыполненного условия; выражение ('$(BuildSharedAssemblies)' == 'true') равно ('false' == 'true')."
"Message",Low,"Задача ""AddToNativePackageTask"" пропущена из-за невыполненного условия; выражение ('$(BuildSharedAssemblies)' == 'true') равно ('false' == 'true')."
"Message",Low,"Задача ""AddToNativePackageTask"" пропущена из-за невыполненного условия; выражение ('$(Pgi)'=='true') равно ('false'=='true')."
"Message",Low,"Задача ""AddToNativePackageTask"" пропущена из-за невыполненного условия; выражение ('$(BuildSharedAssemblies)' == 'true') равно ('false' == 'true')."
"Message",Low,"Задача ""AddToNativePackageTask"" пропущена из-за невыполненного условия; выражение ('$(BuildSharedAssemblies)' == 'true' And '$(InternalFeatureSwitch_ILTableOfContents)' == 'true') равно ('false' == 'true' And 'true' == 'true')."
"Message",Low,"Задача ""AddToNativePackageTask"" пропущена из-за невыполненного условия; выражение ('$(BuildSharedAssemblies)'=='true' and '@(SharedFrameworkReswFiles)' != '' And '$(InternalFeatureSwitch_ILTableOfContents)' == 'true') равно ('false'=='true' and '' != '' And 'true' == 'true')."
"Message",Low,"Задача ""AddToNativePackageTask"" пропущена из-за невыполненного условия; выражение ('$(UseFrameworkPackage)' != 'true' and '@(InputSharedLibrariesToCopy)' != '') равно ('False' != 'true' and '' != '')."
"Message",Low,"Построение целевого объекта ""CopyNativeExecutablesToOutput"" в проекте ""Unnamed_1"" завершено."
"Message",Low,"Целевой объект ""CopyExtractedResourcesToOutput"" пропущен из-за невыполненного условия; выражение (Exists('$(IntermediateResourcesPath)')) равно (Exists('C:\Projects\CryptoNote\CryptoNote\obj\ARM\Release\ilc\intermediate\Resources\'))."
"Message",Low,"Целевой объект ""TransformAppxManifestAndAddCrt"" в файле ""C:\Program Files (x86)\MSBuild\Microsoft\.NetNative\ARM\ilc\IlcInternals.targets"" из проекта ""C:\Projects\CryptoNote\CryptoNote\Unnamed_1"" (целевой объект ""Build"" зависит от него):"
"Message",Low,"Используется задача ""TransformAppxManifestTask"" из сборки ""C:\Program Files (x86)\MSBuild\Microsoft\.NetNative\ARM\ilc\ilc.exe""."
"Message",Low,"Задача ""TransformAppxManifestTask"""
"Message",Low,"Выполнение задачи ""TransformAppxManifestTask"" завершено."
"Message",Low,"Задача ""AddToNativePackageTask"""
"Message",Low,"Выполнение задачи ""AddToNativePackageTask"" завершено."
"Message",Low,"Задача ""AddToNativePackageTask"" пропущена из-за невыполненного условия; выражение ($(AddCrt)) равно (false)."
"Message",Low,"Задача ""AddToNativePackageTask"" пропущена из-за невыполненного условия; выражение ($(AddWin8Adapters)) равно (false)."
"Message",Low,"Задача ""AddToNativePackageTask"" пропущена из-за невыполненного условия; выражение ($(AddWin8Adapters)) равно (false)."
"Message",Low,"Задача ""AddToNativePackageTask"" пропущена из-за невыполненного условия; выражение ($(AddWin8Adapters)) равно (false)."
"Message",Low,"Задача ""AddToNativePackageTask"" пропущена из-за невыполненного условия; выражение ($(AddWin8Adapters)) равно (false)."
"Message",Low,"Задача ""AddToNativePackageTask"" пропущена из-за невыполненного условия; выражение ($(AddWin8Adapters)) равно (false)."
"Message",Low,"Задача ""AddToNativePackageTask"" пропущена из-за невыполненного условия; выражение ($(AddWin8Adapters)) равно (false)."
"Message",Low,"Задача ""AddToNativePackageTask"" пропущена из-за невыполненного условия; выражение ($(AddWin8Adapters)) равно (false)."
"Message",Low,"Построение целевого объекта ""TransformAppxManifestAndAddCrt"" в проекте ""Unnamed_1"" завершено."
"Message",Low,"Целевой объект ""MergeFrameworkReswFilesWithTheAppPriFile"" пропущен из-за невыполненного условия; выражение ('@(AppResources)' != '' And '$(UseResKeysInsteadOfResStrings)' != 'true') равно ('C:\Projects\CryptoNote\CryptoNote\obj\ARM\Release\ilc\in\resources.pri' != '' And 'true' != 'true')."
"Message",Low,"Целевой объект ""CopyPackageResourceFileInRetailBuild"" в файле ""C:\Program Files (x86)\MSBuild\Microsoft\.NetNative\ARM\ilc\IlcInternals.targets"" из проекта ""C:\Projects\CryptoNote\CryptoNote\Unnamed_1"" (целевой объект ""Build"" зависит от него):"
"Message",Low,"Задача ""AddToNativePackageTask"""
"Message",Low,"Выполнение задачи ""AddToNativePackageTask"" завершено."
"Message",Low,"Построение целевого объекта ""CopyPackageResourceFileInRetailBuild"" в проекте ""Unnamed_1"" завершено."
"Message",Low,"Целевой объект ""Build"" в файле ""C:\Program Files (x86)\MSBuild\Microsoft\.NetNative\ARM\ilc\IlcInternals.targets"" из проекта ""C:\Projects\CryptoNote\CryptoNote\Unnamed_1"" (точка входа):"
"Message",Low,"Построение целевого объекта ""Build"" в проекте ""Unnamed_1"" завершено."
"Message",Low,"Построение проекта ""Unnamed_1"" завершено."
"Message",Low,"Построение успешно завершено."
